{"cameraMode":{"drawMode":0,"name":"Shaded","section":"Shading Mode"},"sceneLighting":true,"audioPlay":false,"sceneViewState":{"showFog":true,"showMaterialUpdate":false,"showSkybox":true,"showFlares":true,"showImageEffects":true,"showParticleSystems":true},"in2DMode":false,"pivot":{"x":1.6736114025115967,"y":-0.7866432666778565,"z":-0.047525882720947269},"rotation":{"x":-0.20184294879436494,"y":0.7934051156044006,"z":-0.3543058931827545,"w":-0.4519597291946411},"size":3.6123721599578859,"orthographic":false}