{"cameraMode":{"drawMode":0,"name":"Shaded","section":"Shading Mode"},"sceneLighting":true,"audioPlay":false,"sceneViewState":{"showFog":true,"showMaterialUpdate":false,"showSkybox":true,"showFlares":true,"showImageEffects":true,"showParticleSystems":true},"in2DMode":false,"pivot":{"x":-3.0190019607543947,"y":-3.7108449935913088,"z":-1.2746226787567139},"rotation":{"x":-0.1815708428621292,"y":0.772159218788147,"z":-0.25315406918525698,"w":-0.553818941116333},"size":6.607396125793457,"orthographic":false}