{"cameraMode":{"drawMode":0,"name":"Shaded","section":"Shading Mode"},"sceneLighting":true,"audioPlay":false,"sceneViewState":{"showFog":true,"showMaterialUpdate":false,"showSkybox":true,"showFlares":true,"showImageEffects":true,"showParticleSystems":true},"in2DMode":false,"pivot":{"x":11.098318099975586,"y":-2.898543357849121,"z":20.53022575378418},"rotation":{"x":0.24393914639949799,"y":-0.7534367442131043,"z":0.39367279410362246,"w":0.46682512760162356},"size":10.971251487731934,"orthographic":false}