{"cameraMode":{"drawMode":0,"name":"Shaded","section":"Shading Mode"},"sceneLighting":false,"audioPlay":false,"sceneViewState":{"showFog":true,"showMaterialUpdate":false,"showSkybox":false,"showFlares":true,"showImageEffects":true,"showParticleSystems":true},"in2DMode":false,"pivot":{"x":17.869152069091798,"y":1.536355972290039,"z":27.47468376159668},"rotation":{"x":0.07939759641885758,"y":0.02184353396296501,"z":-0.0017665124032646418,"w":0.9966331124305725},"size":0.6123724579811096,"orthographic":false}