{"cameraMode":{"drawMode":0,"name":"Shaded","section":"Shading Mode"},"sceneLighting":false,"audioPlay":false,"sceneViewState":{"showFog":true,"showMaterialUpdate":false,"showSkybox":false,"showFlares":true,"showImageEffects":true,"showParticleSystems":true},"in2DMode":false,"pivot":{"x":-5.471761703491211,"y":-2.0915963649749758,"z":3.6074140071868898},"rotation":{"x":-0.07998491078615189,"y":0.7328035235404968,"z":-0.08747534453868866,"w":-0.6700536608695984},"size":0.8660255670547485,"orthographic":false}